sseI	avrA	lpfD	sseK3	sadA	tsr	pipD	fimH	katE	siiC	siiE	sseJ	ratB	sseL	gtgE	fepE	stfD	gogB	cigR	stbD	sseK2	ttrB	mgtA	safC	names
WT	WT	WT	WT	WT	WT	WT	WT	WT	WT	WT	WT	HAC	WT	WT	WT	WT	WT	WT	WT	WT	WT	WT	WT	1
WT	WT	WT	HAC	WT	WT	WT	WT	WT	WT	WT	WT	WT	WT	WT	WT	WT	WT	WT	WT	WT	WT	WT	WT	2
WT	WT	WT	HAC	WT	WT	WT	HAC	HAC	HAC	HAC2	HAC	HAC	WT	WT	WT	WT	HAC	WT	WT	HAC	HAC	WT	WT	3
WT	WT	HAC	NA	WT	WT	WT	WT	WT	WT	WT	WT	WT	WT	WT	WT	WT	WT	WT	WT	WT	WT	WT	WT	4
WT	WT	WT	WT	WT	WT	WT	WT	WT	WT	HAC2	WT	WT	WT	WT	WT	WT	WT	WT	WT	WT	WT	WT	WT	5
WT	WT	HAC	NA	WT	WT	WT	WT	WT	WT	WT	WT	WT	WT	WT	WT	WT	WT	WT	WT	WT?	WT	WT	WT	6
WT	WT	WT	WT?	WT	WT	WT	WT	WT?	WT	WT	WT	WT	WT	WT	WT?	WT	WT	WT?	WT	WT	WT	WT	WT	7
WT	WT	HAC	NA	WT	WT	WT	WT	WT	WT	WT	WT	WT	WT	WT	WT	WT	WT	WT	WT	WT	WT	WT	WT	8
WT	HAC	HAC	NA	WT	WT	WT	WT	WT	WT	WT	WT	WT	WT	WT	WT	WT	WT	WT	WT	WT	WT	WT	WT	9
WT?	WT?	WT	WT	WT	WT	HAC	WT	WT	NA	WT	WT?	HAC2	NA	NA	WT	WT	NA	WT	WT	NA	WT	WT	WT	10
WT	WT	WT	WT	WT	WT	WT	HAC	HAC	HAC	HAC3	WT	HAC	WT	WT	WT	WT	WT	WT	WT	WT	WT	WT	WT	11
WT	WT	HAC	NA	WT	WT	WT	WT	WT	WT	WT	WT	WT	WT	WT	WT	WT	WT	WT	WT	WT	WT	WT	WT	12
WT	WT	HAC	NA	WT	WT	WT	WT	WT	WT	WT	WT	WT	WT	WT	WT	WT	WT	WT	WT	WT	WT	WT	WT	13
NA	WT	HAC	NA	WT	WT	WT	WT	WT	WT	WT	WT	WT	WT	WT	WT	WT	WT	WT	WT	WT	WT	WT	WT	14
WT	WT	WT	HAC	WT	WT	WT	WT	HAC	WT	WT	WT	WT	WT	WT	WT	HAC	HAC2	WT	WT	WT	WT	WT	WT	15
WT	WT	HAC	NA	WT	WT	WT	WT	WT	WT	WT	WT	WT	WT	WT	WT	WT	WT	WT	WT	WT	WT	WT	WT	16
WT	WT	WT	WT	WT	WT	WT	HAC	HAC	HAC	HAC3	WT	WT	WT	WT	WT	WT	WT	WT	WT	WT	WT	WT	WT	17
WT	WT	HAC	NA	WT	WT	WT	WT	WT?	WT	WT	WT	WT	WT	WT	WT	WT?	WT	WT	WT	WT	WT	WT	WT	18
WT	WT	WT	WT	WT	WT	WT	WT	WT	WT	WT	WT	HAC	WT	WT	WT	WT	WT	WT	WT	WT	WT	WT	WT	19
WT	WT	WT	HAC	WT?	WT	WT?	HAC	HAC	HAC	HAC	HAC	WT	WT	WT	WT	WT	HAC?	WT	WT	HAC	WT	WT	WT	20
WT	HAC	HAC	NA	HAC	HAC	WT	WT	WT	WT	HAC3	WT	WT	WT	WT	WT	WT	WT	WT	WT	WT	WT	WT	WT	21
WT	WT	WT	WT	WT	WT	WT	HAC	HAC	HAC	HAC3	WT	WT	WT	WT	WT	WT	WT	WT	WT	WT	WT	WT	WT	22
WT	WT	WT	WT	WT	WT	WT	HAC	HAC	HAC	HAC3	WT	HAC	WT	WT	WT	WT	WT	WT	WT	WT	WT	WT	WT	23
WT	WT	HAC	NA	WT	WT	WT	WT	WT	WT	NA	WT	NA	WT	NA	WT	NA	NA	WT	HAC	WT	WT	WT	NA	24
WT	HAC	HAC	NA	HAC	WT	WT	WT	WT	WT	WT	WT	WT	WT	WT	WT	WT	WT	WT	WT	WT	WT	WT	WT	25
WT	HAC	HAC	NA	HAC	HAC	WT	WT	WT	WT	WT	WT	WT	WT	WT	WT	WT	WT	WT	WT	WT	WT	WT	WT	26
WT	WT	HAC	NA	WT	WT	WT	WT	WT	WT	WT	WT	WT	WT	WT	WT	WT	WT	WT	WT	WT	WT	WT	WT	27
WT	HAC	HAC	NA	WT	WT	WT	WT	WT	WT	WT	WT	WT	WT	WT	WT	WT	NA	WT	WT	WT	WT	WT	WT	28
WT	HAC	HAC	NA	WT	WT	WT	WT	WT	WT	WT	WT	WT	WT	WT	WT	WT	WT	WT	WT	WT	WT	WT	WT	29
WT	HAC	HAC	NA	WT	WT	WT	WT	WT	WT	WT	WT	WT	WT	WT	WT	WT	NA	WT	WT	WT	WT	WT	WT	30
WT	WT	WT	WT	WT	WT	WT	HAC	HAC	WT	WT	WT	HAC	WT	WT	WT	WT	WT	WT	WT	WT	WT	WT	WT	31
WT	WT	WT	WT	WT	WT	WT	HAC	HAC	WT	WT	WT	HAC	WT	WT	WT	WT	WT	WT	WT	WT	WT	WT	WT	32
WT	HAC	HAC	NA	WT	WT	WT	WT	WT	WT	WT	WT	WT	WT	WT	WT	WT	NA	WT	WT	WT	WT	WT	WT	33
WT	WT	HAC	NA	WT	WT	WT	WT	WT	WT	WT	WT	WT	WT	WT	WT	WT	WT	WT	WT	WT	WT	WT	WT	34
WT	HAC	HAC	NA	WT	WT	WT	WT	WT	WT	WT	WT	WT	WT	WT	WT	WT	WT	WT	WT	WT	WT	WT	WT	35
WT	WT	HAC	NA	WT	WT	WT	WT	WT	WT	WT	WT	WT	WT	WT	WT	WT	WT	WT	NA	WT	WT	WT	WT	36
WT	HAC	HAC	NA	WT	WT	WT	WT	WT	WT	WT	WT	WT	WT	WT	WT	WT	WT	WT	WT	WT	WT	WT	WT	37
WT	WT	HAC	NA	WT	WT	WT	WT	WT	WT	WT	WT	WT	WT	WT	WT	WT	WT	WT	WT	WT	WT	WT	WT	38
WT	HAC	HAC	NA	WT	WT	WT	WT	WT	WT	WT	WT	WT	WT	WT	WT	WT	WT	WT	WT	WT	WT	WT	WT	39
WT	WT	HAC	NA	WT	WT	WT	WT	WT	WT	WT	WT	WT	WT	WT	WT	WT	WT	WT	WT	WT	WT	WT	WT	40
WT	WT	HAC	NA	WT	WT	WT	WT	WT	WT	WT	WT	WT	WT	WT	WT	WT	WT	WT	WT	WT	WT	WT	WT	41
WT	HAC	HAC	NA	HAC	WT	WT	WT	WT	WT	WT	WT	WT	WT	WT	WT	WT	WT	WT	WT	WT	WT	WT	WT	42
WT	HAC	HAC	NA	HAC	WT	WT	WT	WT	WT	WT	WT	WT	WT	WT	WT	WT	WT	WT	WT	WT	WT	WT	WT	43
WT	HAC	HAC	NA	WT	WT	WT	WT	WT	WT	WT	WT	WT	WT	WT	WT	WT	WT	WT	WT	WT	WT	WT	WT	44
WT	WT	HAC	NA	WT	WT	WT	WT	WT	WT	WT	WT	WT	WT	WT	WT	WT	WT	WT	WT	WT	WT	WT	WT	45
WT	WT	WT	HAC	WT	WT	WT	HAC	HAC	HAC	HAC	HAC	HAC	WT	WT	WT	WT	HAC	WT	WT	HAC	HAC	WT	WT	46
WT	WT	WT	HAC	WT	WT	WT	HAC	HAC	HAC	HAC	HAC	HAC	WT	WT	WT	WT	HAC	WT	WT	HAC	HAC	WT	WT	47
WT	WT	HAC	NA	WT	WT	WT	WT	WT	WT	WT	WT	NA	WT	WT	WT	WT	NA	WT	HAC	WT	WT	WT	NA	48
WT	WT	HAC	NA	WT	WT	WT	WT	WT	WT	WT	WT	WT	WT	WT	WT	WT	NA	WT	HAC	WT	WT	WT	WT	49
WT	WT	HAC	NA	WT	WT	WT	WT	WT	WT	WT	WT	WT	WT	WT	WT	WT	WT	WT	WT	WT	WT	WT	WT	50
WT	HAC	HAC	NA	WT	WT	WT	WT	WT	WT	WT	WT	WT	WT	WT	WT	WT	WT	WT	WT	WT	WT	WT	WT	51
WT	WT	WT	WT	WT	WT	WT	HAC	HAC	WT	HAC2	WT	HAC	WT	WT	WT	WT	WT	WT	WT	WT	WT	WT	WT	52
WT	WT	WT	HAC	WT	WT	WT	WT	HAC	WT	HAC2	WT	HAC	WT	HAC2	HAC	WT	WT	WT	WT	WT	WT	WT	WT	53
WT	HAC	HAC	NA	WT	WT	WT	WT	WT	WT	WT	WT	WT	WT	WT	WT	WT	WT	WT	WT	WT	WT	WT	WT	54
WT	WT	HAC	NA	WT	WT	WT	WT	WT	WT	WT	WT	WT	WT	NA	WT	WT	NA	WT	WT	WT	WT	WT	WT	55
WT	WT	WT	WT	WT	WT	WT	HAC	HAC	WT	HAC2	WT	HAC	WT	WT	WT	WT	WT	WT	WT	WT	WT	WT	WT	56
WT	WT	HAC	NA	WT	WT	WT	WT	WT	WT	WT	WT	WT	WT	WT	WT	WT	WT	WT	WT	WT	WT	WT	WT	57
WT	HAC	HAC	NA	HAC	WT	WT	WT	WT	WT	WT	WT	WT	WT	WT	WT	WT	WT	WT	WT	WT	WT	WT	WT	58
WT	WT	WT	HAC	WT	WT	WT	HAC	HAC	HAC	HAC?	HAC	WT	WT	WT	WT	WT	HAC	WT	WT	HAC	WT	WT	WT	59
WT	WT	HAC	NA	WT	WT	WT	WT	WT	WT	WT	WT	WT	WT	WT	WT	WT	WT	WT	WT	WT	WT	WT	WT	60
WT	HAC	HAC	NA	WT	WT	WT	WT	WT	WT	WT	WT	WT	WT	WT	WT	WT	WT	WT	WT	WT	WT	WT	WT	61
WT	HAC	HAC	NA	WT	WT	WT	WT	WT	WT	WT	WT	WT	WT	WT	WT	WT	WT	WT	WT	WT	WT	WT	WT	62
WT	HAC	HAC	NA	WT	WT	WT	WT	WT	WT	HAC3	WT	WT	WT	WT	WT	WT	WT	WT	WT	WT	WT	WT	WT	63
WT	HAC	HAC	NA	WT	WT	WT	WT	WT	WT	WT	WT	WT	WT	WT	WT	WT	WT	WT	WT	WT	WT	WT	WT	64
WT	HAC	HAC	NA	WT	WT	WT	WT	WT	WT	WT	WT	WT	WT	WT	WT	WT	WT	WT	WT	WT	WT	WT	WT	65
HAC	WT	HAC	NA	WT	WT	WT	WT	WT	WT	WT	WT	WT	WT	WT	WT	WT	WT	WT	WT	WT	WT	WT	WT	66
WT	WT	WT	WT	WT	WT	WT	WT	WT	WT	WT	WT	HAC	NA	WT	WT	WT	WT	WT	WT	WT	WT	WT	WT	67
WT	WT	HAC	NA	WT	WT	WT	WT	WT	WT	WT	WT	WT	WT	WT	WT	WT	WT	WT	WT	WT	WT	WT	WT	68
WT	WT	HAC	NA	WT	WT	WT	WT	WT	WT	WT	WT	WT	WT	WT	WT	WT	WT	WT	WT	WT	WT	WT	WT	69
WT	HAC	HAC	NA	WT	WT	WT	WT	WT	WT	WT	WT	WT	WT	WT	WT	WT	WT	WT	WT	WT	WT	WT	WT	70
WT	HAC	HAC	NA	WT	WT	WT	WT	WT	WT	WT	WT	WT	WT	WT	WT	WT	WT	WT	WT	WT	WT	WT	WT	71
WT	HAC	HAC	NA	WT	WT	WT	WT	WT	WT	WT	WT	WT	WT	WT	WT	WT	WT	WT	WT	WT	WT	WT	WT	72
WT	WT	WT	HAC	WT	WT	WT	WT	WT	WT	WT	WT	HAC2	WT	WT	WT	WT	WT	WT	WT	WT	WT	WT	WT	73
WT	WT	WT	HAC	WT	WT	WT	WT	WT	WT	WT	WT	HAC2	WT	WT	WT	WT	WT	WT	WT	WT	WT	WT	WT	74
WT	WT	WT	HAC	WT	WT	WT	WT	HAC	WT	WT	WT	WT	WT	WT	WT	HAC	HAC2	WT	WT	WT	WT	WT	WT	75
WT	WT	WT	HAC	WT	WT	WT	WT	HAC	WT	WT	WT	WT	WT	WT	WT	HAC	HAC2	WT	WT	WT	WT	WT	WT	76
WT	HAC	HAC	NA	WT	WT	WT	WT	WT	WT	WT	WT	WT	WT	WT	WT	WT	WT	WT	WT	WT	WT	WT	WT	77
WT	WT	HAC	NA	WT	WT	WT	WT	WT	WT	WT	WT	WT	WT	WT	WT	WT	WT	WT	WT	WT	WT	WT	WT	78
WT	WT	HAC	NA	WT	WT	WT	WT	WT	WT	WT	WT	WT	WT	WT	WT	WT	WT	WT	WT	WT	WT	WT	WT	79
WT	WT	WT	WT	WT	WT	WT	HAC	HAC	WT	HAC2	WT	HAC	HAC	HAC2	HAC	WT	WT	WT	WT	WT	WT	WT	WT	80
WT	WT	WT	WT	WT	WT	WT	WT	WT	WT	WT	WT	WT	WT	WT	WT	HAC	WT	WT	WT	WT	WT	WT	WT	81
WT	WT	HAC	NA	WT	WT	WT	WT	WT	WT	WT	WT	WT	WT	WT	WT	WT	WT	WT	WT	WT	WT	WT	WT	82
WT	WT	WT	WT	WT	WT	WT	WT	WT	WT	WT	WT	WT	WT?	WT	WT	WT	HAC2	WT	WT	WT	WT	WT	WT	83
WT	WT	WT	HAC	WT	WT	WT	HAC	HAC	HAC	HAC2	HAC	HAC	WT	WT	WT	WT	HAC	WT	WT	HAC	WT	WT	WT	84
WT	WT	WT	HAC	WT	WT	WT	HAC	HAC	HAC	HAC3	HAC	HAC	WT	WT	WT	WT	HAC	WT	WT	HAC	HAC	WT	WT	85
WT	WT	WT	WT	WT	WT	WT	HAC	HAC	WT	HAC2	WT	HAC	HAC	HAC2	HAC	WT	WT	WT	WT	WT	WT	WT	WT	86
WT	WT	WT	NA	WT	WT	WT	WT	WT	WT	WT	WT	HAC	WT	WT	WT	WT	WT	WT	WT	WT	WT	WT	WT	87
WT	WT	WT	WT	WT	WT	WT	WT	WT	WT	WT	WT	HAC	WT	WT	WT	WT	WT	WT	WT	WT	WT	WT	WT	88
WT	WT	WT	HAC	WT	WT	WT	HAC	HAC	HAC	HAC	HAC	HAC	WT	WT	WT	WT	HAC	WT	WT	HAC	HAC	WT	WT	89
WT	WT	WT	HAC	WT	WT	WT	HAC	HAC	HAC	HAC	HAC	HAC	WT	WT	WT	WT	HAC	WT	WT	HAC	HAC	WT	WT	90
WT	WT	WT	HAC	WT	WT	WT	HAC	HAC	HAC	HAC?	HAC	HAC	WT	WT	WT	WT	HAC	WT	WT	HAC	HAC	WT	WT	91
WT	WT	WT	WT	WT	WT	WT	WT	HAC	WT	WT	WT	WT	WT	WT	WT	WT	WT	WT	WT	WT	WT	WT	WT	92
WT	WT	WT	WT	WT	WT	WT	WT	WT	WT	WT	WT	HAC	WT	WT	WT	WT	WT	WT	WT	WT	WT	WT	WT	93
WT	WT	WT	WT	WT	WT	WT	WT	HAC	WT	WT	WT	WT	WT	WT	WT	WT	WT	WT	WT	WT	WT	WT	WT	94
WT	WT	WT	HAC	WT	WT	WT	WT	WT	WT	WT	WT	WT	WT	WT	WT	HAC	NA	WT	WT	WT	WT	WT	WT	95
WT	WT	WT	HAC	WT	WT	WT	WT	WT	WT	WT	WT	WT	WT	WT	WT	HAC	NA	WT	WT	WT	WT	WT	WT	96
WT	WT	HAC	NA	HAC	HAC	WT	WT	WT	WT	WT	WT	WT	WT	WT	WT	WT	WT	WT	WT	WT	WT	WT	WT	97
WT	WT	HAC	NA	WT	WT	WT	WT	WT	WT	WT	WT	WT	WT	WT	WT	WT	WT	WT	WT	WT	WT	WT	WT	98
WT	HAC	HAC	NA	HAC	WT	WT	WT	WT	WT	WT	WT	WT	WT	WT	WT	WT	WT	WT	WT	WT	WT	WT	WT	99
WT	HAC	HAC	NA	WT	HAC?	WT	WT	WT	WT	WT	WT	WT	WT	WT	WT	WT	WT	WT	WT	WT	WT	WT	WT	100
WT	WT	HAC	NA	WT	WT	WT	WT	WT	WT	WT	WT	WT	WT	WT	WT	WT	WT	WT	WT	WT	WT	WT	WT	101
HAC	WT	HAC	NA	WT	WT	WT	WT	WT	WT	HAC2	WT	WT	WT	WT	WT	WT	WT	WT	WT	WT	WT	WT	WT	102
HAC	WT	HAC	NA	WT	WT	WT	WT	WT	WT	WT	WT	WT	WT	WT	WT	WT	WT	WT	WT	WT	WT	WT	WT	103
HAC	WT	HAC	NA	WT	WT	WT	WT	WT	WT	WT	WT	WT	WT	WT	WT	WT	WT	WT	WT	WT	WT	WT	WT	104
HAC	WT	HAC	NA	WT	WT	WT	WT	WT	WT	WT	WT	WT	WT	WT	WT	WT	WT	WT	WT	WT	WT	WT	WT	105
WT	WT	HAC	NA	WT	WT	WT	WT	WT	WT	WT	WT	WT	WT	WT	WT	WT	WT	WT	WT	WT	WT	WT	WT	106
WT	WT	HAC	NA	WT	WT	WT	WT	WT	WT	WT	WT	WT	WT	WT	WT	WT	WT	WT	WT	WT	WT	WT	WT	107
HAC	WT	HAC	NA	HAC	HAC	WT	WT	WT	WT	WT	WT	WT	WT	WT	WT	WT	WT	WT	WT	WT	WT	WT	WT	108
WT	HAC	HAC	NA	WT	WT	WT	WT	WT	WT	WT	WT	WT	WT	WT	WT	WT	WT	WT	WT	WT	WT	WT	WT	109
WT	HAC	HAC	NA	WT	WT	WT	WT	WT	WT	WT	WT	WT	WT	WT	WT	WT	WT	WT	WT	WT	WT	WT	WT	110
WT	HAC	HAC	NA	WT	WT	WT	WT	WT	WT	WT	WT	WT	WT	WT	WT	WT	WT	WT	WT	WT	WT	WT	WT	111
WT	HAC	HAC	NA	WT	WT	WT	WT	WT	WT	HAC2	WT	WT	WT	WT	WT	WT	WT	WT	WT	WT	WT	WT	WT	112
WT	WT	HAC	NA	WT	WT	WT	WT	WT	WT	WT	WT	WT	WT	WT	WT	WT	WT	WT	WT	WT	WT	WT	WT	113
WT	WT	HAC	NA	WT	WT	WT	WT	WT	WT	WT	WT	WT	WT	WT	WT	WT	WT	WT	WT	WT	WT	WT	WT	114
WT	HAC	HAC	NA	WT	WT	WT	WT	WT	WT	WT	WT	WT	WT	WT	WT	WT	WT	WT	WT	WT	WT	WT	WT	115
WT	WT	HAC	NA	WT	WT	WT	WT	WT	WT	WT	WT	WT	WT	WT	WT	WT	WT	WT	WT	WT	WT	WT	WT	116
HAC	WT	HAC	NA	WT	WT	WT	WT	WT	WT	WT	WT	WT	WT	WT	WT	WT	WT	WT	WT	WT	WT	WT	WT	117
WT	WT	HAC	NA	WT	WT	WT	WT	WT	WT	HAC2	WT	WT	WT	WT	WT	WT	WT	WT	WT	WT	WT	WT	WT	118
WT	WT	HAC	NA	WT	WT	WT	WT	WT	WT	HAC2	WT	WT	WT	WT	WT	WT	WT	WT	WT	WT	WT	WT	WT	119
WT	WT	HAC	NA	WT	WT	WT	WT	WT	WT	HAC2	WT	WT	WT	WT	WT	WT	WT	WT	WT	WT	WT	WT	WT	120
WT	WT	WT	WT	WT	WT	WT	WT	WT	WT	WT	WT	WT	WT	HAC	WT	WT	WT	WT	WT	WT	WT	HAC	WT	121
WT	WT	WT	WT	WT	WT	WT	WT	WT	WT	WT	WT	WT	WT	HAC	WT	WT	WT	WT	WT	WT	WT	HAC	WT	122
WT	WT	WT	WT	WT	WT	WT	WT	WT	WT	WT	WT	HAC2	WT	WT	WT	WT	WT	WT	WT	WT	WT	WT	HAC	123
HAC	WT	WT	WT	WT	WT	HAC	WT	WT	WT	WT	WT	HAC2	WT	WT	WT	WT	WT	WT	WT	WT	WT	WT	WT	124
WT	WT	HAC	NA	WT	WT	WT	WT	WT	WT	WT	WT	WT	WT	WT	WT	WT	WT	WT	WT	WT	WT	WT	WT	125
WT	WT	WT	WT	WT	WT	WT	WT	WT	WT	WT	WT	WT	WT	HAC	WT	WT	WT	WT	WT	WT	WT	HAC	WT	126
WT	WT	WT	WT	WT	WT	WT	WT	WT	WT	WT	WT	WT	WT	WT	WT	HAC	HAC2	WT	HAC	WT	WT	WT	WT	127
WT	HAC	HAC	NA	HAC	HAC	WT	WT	WT	WT	WT	WT	WT	WT	WT	WT	WT	WT	WT	WT	WT	WT	WT	WT	128
WT	WT	HAC	NA	WT	WT	WT	WT	WT	WT	WT	WT	WT	WT	WT	WT	WT	WT	WT	WT	WT	WT	WT	WT	129
WT	WT	HAC	NA	WT	WT	WT	WT	WT	WT	WT	NA	WT	WT	WT	WT	WT	WT	WT	WT	WT	WT	WT	WT	130
WT	WT	WT	WT	WT	WT	WT	WT	WT	WT	WT	WT	HAC	WT	WT	WT	WT	WT	WT	WT	WT	WT	WT	WT	131
WT	WT	WT	WT	WT	WT	WT	WT	WT	WT	WT	WT	WT	WT	WT	WT	HAC	HAC2	WT	WT	WT	WT	WT	WT	132
WT	WT	WT	WT	WT	WT	WT	WT	WT	WT	WT	WT	WT	WT	WT	WT	HAC	HAC2	WT	WT	WT	WT	WT	WT	133
WT	WT	WT	HAC	WT	WT	WT	HAC	HAC	HAC	HAC	HAC	HAC	WT	WT	WT	WT	HAC	WT	WT	HAC	HAC	WT	WT	134
